<?xml version="1.0.1" encoding="UTF-8" standalone="yes"?>
<addon id="repository.willowsrepo" name="Willows Repository" version="1.0.0" provider-name="WillowsRepo">
	<extension point="xbmc.addon.repository" name="MoviesHD Addon Repository">
		<info compressed="false">https://github.com/willowsrepo/maniapluginsnew/blob/master/addons.xml</info>
		<checksum>https://github.com/willowsrepo/maniapluginsnew/blob/master/addons.xml.md5</checksum>
		<datadir zip="true">https://github.com/willowsrepo/maniapluginsnew/tree/master/zips</datadir>
	</extension>
	<extension point="xbmc.addon.metadata">
		<summary></summary>
		<description></description>
		<platform>all</platform>
	</extension>
</addon>
